t_hours,C_true_ppm,C_meas_ppm,Q_true,S_true
0.0,500.0,501.8859533164009,200.0,175283.74036443373
0.016666666666666666,526.1097122833593,524.1281393339898,200.0,175283.74036443373
0.03333333333333333,551.3634642830976,560.9698040397469,200.0,175283.74036443373
0.05,575.7892865582372,577.3627883155328,200.0,175283.74036443373
0.06666666666666667,599.4143157929019,591.3792751954852,200.0,175283.74036443373
0.08333333333333333,622.2648235838669,627.6887494075092,200.0,175283.74036443373
0.1,644.3662202224475,663.9262208993996,200.0,175283.74036443373
0.11666666666666667,665.7430591199615,679.9492735669,200.0,175283.74036443373
0.13333333333333333,686.4190656003437,675.8630370632388,200.0,175283.74036443373
0.15,706.4172191726495,687.4358971069588,200.0,175283.74036443373
0.16666666666666666,725.7597597186609,716.4106427806006,200.0,175283.74036443373
0.18333333333333332,744.4681955166772,745.0880852068858,200.0,175283.74036443373
0.2,762.5632982851081,727.6878366655255,200.0,175283.74036443373
0.21666666666666667,780.0651557686782,776.78328080969,200.0,175283.74036443373
0.23333333333333334,796.9932249897466,778.3045607809506,200.0,175283.74036443373
0.25,813.3663328723028,802.382322551751,200.0,175283.74036443373
0.26666666666666666,829.202685863722,821.0388011208623,200.0,175283.74036443373
0.2833333333333333,844.5198599771438,839.7753576316065,200.0,175283.74036443373
0.3,859.3348608826001,865.5093189282121,200.0,175283.74036443373
0.31666666666666665,873.6641603131073,889.3018608547475,200.0,175283.74036443373
0.3333333333333333,887.5236960750091,885.5956761308486,200.0,175283.74036443373
0.35,900.928880763764,921.4258328220093,200.0,175283.74036443373
0.36666666666666664,913.8945911265619,903.9166710242627,200.0,175283.74036443373
0.3833333333333333,926.4352193970428,931.7078704484381,200.0,175283.74036443373
0.4,938.5647078726882,952.1167605974654,200.0,175283.74036443373
0.4166666666666667,950.2965489406884,951.7067334071015,200.0,175283.74036443373
0.43333333333333335,961.6437825298992,950.4912937895921,200.0,175283.74036443373
0.45,972.6190098461259,958.7931292022496,200.0,175283.74036443373
0.4666666666666667,983.2344264147257,976.3685390297156,200.0,175283.74036443373
0.48333333333333334,993.5018282314041,996.8047550834549,200.0,175283.74036443373
0.5,1003.4308265513647,988.2865537982836,200.0,37868.83170916909
0.5166666666666666,990.5111223736728,987.3734887505972,200.0,37868.83170916909
0.5333333333333333,978.0149706766812,975.626595527964,200.0,37868.83170916909
0.55,965.9284880144796,974.0411717847668,200.0,37868.83170916909
0.5666666666666667,954.2382640165447,957.4581508541398,200.0,37868.83170916909
0.5833333333333334,942.9313041992416,948.2618948348404,200.0,37868.83170916909
0.6,931.9950296702684,922.1876005289934,200.0,37868.83170916909
0.6166666666666667,921.4172752705806,919.473070765189,200.0,37868.83170916909
0.6333333333333333,911.1862864866098,922.9459185375297,200.0,37868.83170916909
0.65,901.2907183534354,923.6921855317469,200.0,37868.83170916909
0.6666666666666666,891.719579285713,872.8335963041512,200.0,37868.83170916909
0.6833333333333333,882.4622242380569,905.1710808591429,200.0,37868.83170916909
0.7,873.50835470504,893.6964860617745,200.0,37868.83170916909
0.7166666666666667,864.8480114064103,876.5676824169167,200.0,37868.83170916909
0.7333333333333333,856.4715866393664,860.4384210943059,200.0,37868.83170916909
0.75,848.3697866449013,843.6609444268548,200.0,37868.83170916909
0.7666666666666666,840.5336053425234,862.4039155955778,200.0,37868.83170916909
0.7833333333333333,832.9543243242222,862.3581990709716,200.0,37868.83170916909
0.8,825.6235116803228,852.6480347283148,200.0,37868.83170916909
0.8166666666666667,818.5330173350523,838.2595738060678,200.0,37868.83170916909
0.8333333333333334,811.6749822912727,817.0356884511571,200.0,37868.83170916909
0.85,805.0417928873184,786.9170134030858,200.0,37868.83170916909
0.8666666666666667,798.6260726811621,798.5592606843609,200.0,37868.83170916909
0.8833333333333333,792.4206824504157,802.2678064765607,200.0,37868.83170916909
0.9,786.4187180853362,767.0932961290929,200.0,37868.83170916909
0.9166666666666666,780.6135099154753,786.5403408182054,200.0,37868.83170916909
0.9333333333333333,774.9986255083778,781.4465809307112,200.0,37868.83170916909
0.95,769.5678304924313,780.0084713518744,200.0,37868.83170916909
0.9666666666666667,764.3150847309756,746.5533152296177,200.0,37868.83170916909
0.9833333333333333,759.2345423223034,749.3090037417178,200.0,37868.83170916909
1.0,754.3316578982435,747.7851291910952,200.0,251736.72815792297
1.0166666666666666,784.6374628300987,767.0904342135058,200.0,251736.72815792297
1.0333333333333332,813.9477824187228,840.0383005756748,200.0,251736.72815792297
1.05,842.297204174112,834.8585432474798,200.0,251736.72815792297
1.0666666666666667,869.7172302706415,874.6517747125446,200.0,251736.72815792297
1.0833333333333333,896.2383002422415,892.3597120601327,200.0,251736.72815792297
1.1,921.8898937359552,945.641986917987,200.0,251736.72815792297
1.1166666666666667,946.7005364010627,966.5059512072903,200.0,251736.72815792297
1.1333333333333333,970.6978120884851,980.1981014308589,200.0,251736.72815792297
1.15,993.9083574183186,960.8557092086188,200.0,251736.72815792297
1.1666666666666667,1016.3579519438005,1017.1383865576987,200.0,251736.72815792297
1.1833333333333333,1038.0715574249855,1048.3268502866335,200.0,251736.72815792297
1.2,1059.0733202948163,1074.1327439324489,200.0,251736.72815792297
1.2166666666666666,1079.3865798598347,1070.1179741892206,200.0,251736.72815792297
1.2333333333333334,1099.033877429907,1126.364047879832,200.0,251736.72815792297
1.25,1118.037044660086,1098.2305801098864,200.0,251736.72815792297
1.2666666666666666,1136.4172150129195,1126.4942946856913,200.0,251736.72815792297
1.2833333333333332,1154.1948285362616,1168.220578357972,200.0,251736.72815792297
1.3,1171.3896329008176,1172.1254521081971,200.0,251736.72815792297
1.3166666666666667,1188.0207088498137,1218.0565976044925,200.0,251736.72815792297
1.3333333333333333,1204.1065402132733,1206.9343281009603,200.0,251736.72815792297
1.35,1219.6650178295738,1210.1671064766904,200.0,251736.72815792297
1.3666666666666667,1234.7134446849457,1229.0499921064536,200.0,251736.72815792297
1.3833333333333333,1249.2685343570133,1232.9013425927253,200.0,251736.72815792297
1.4,1263.3464365312666,1244.1812340354675,200.0,251736.72815792297
1.4166666666666667,1276.9627973947645,1286.4189697562879,200.0,251736.72815792297
1.4333333333333333,1290.1327622339609,1298.850249420153,200.0,251736.72815792297
1.45,1302.8709739211872,1322.289356212804,200.0,251736.72815792297
1.4666666666666666,1315.1915786279878,1303.872491759089,200.0,251736.72815792297
1.4833333333333334,1327.10826585915,1352.444877645805,200.0,251736.72815792297
1.5,1338.633969982573,1334.323154365443,200.0,196866.03175417814
1.5166666666666666,1340.7914333340227,1364.4075575166914,200.0,196866.03175417814
1.5333333333333332,1342.8744888650076,1336.3827011572687,200.0,196866.03175417814
1.55,1344.8892547293297,1333.8570053441956,200.0,196866.03175417814
1.5666666666666667,1346.837962581017,1350.584743154397,200.0,196866.03175417814
1.5833333333333333,1348.7227770419431,1364.1945733149853,200.0,196866.03175417814
1.6,1350.545795701826,1352.9609393525561,200.0,196866.03175417814
1.6166666666666667,1352.3090491182272,1343.5261167563772,200.0,196866.03175417814
1.6333333333333333,1354.014500816555,1333.896205105405,200.0,196866.03175417814
1.65,1355.6640512437018,1334.6412480199403,200.0,196866.03175417814
1.6666666666666667,1357.2595272879182,1364.7997700360413,200.0,196866.03175417814
1.6833333333333333,1358.802692861916,1373.6483883612032,200.0,196866.03175417814
1.7,1360.2952599498226,1357.8308410604432,200.0,196866.03175417814
1.7166666666666666,1361.7388886071926,1345.623415733766,200.0,196866.03175417814
1.7333333333333334,1363.1351869610094,1376.230819250335,200.0,196866.03175417814
1.75,1364.4857112096834,1345.2798020389648,200.0,196866.03175417814
1.7666666666666666,1365.7919658391536,1355.0959444132645,200.0,196866.03175417814
1.7833333333333332,1367.0554062974873,1376.3706741005888,200.0,196866.03175417814
1.8,1368.277428455725,1334.525310852106,200.0,196866.03175417814
1.8166666666666667,1369.459383356677,1375.2549273201716,200.0,196866.03175417814
1.8333333333333333,1370.6025823822492,1361.8779698361068,200.0,196866.03175417814
1.8499999999999999,1371.7082972534406,1373.3474927156078,200.0,196866.03175417814
1.8666666666666667,1372.7777600303457,1371.6422371370334,200.0,196866.03175417814
1.8833333333333333,1373.8121631121528,1376.8438790378123,200.0,196866.03175417814
1.9,1374.8126592293363,1385.2252382799413,200.0,196866.03175417814
1.9166666666666667,1375.7803579785484,1364.4048117150724,200.0,196866.03175417814
1.9333333333333333,1376.716331768693,1398.0310621033716,200.0,196866.03175417814
1.95,1377.6216207073542,1388.5130275415706,200.0,196866.03175417814
1.9666666666666666,1378.4972307265668,1391.153220661116,200.0,196866.03175417814
1.9833333333333334,1379.344134850741,1396.8170945674065,200.0,196866.03175417814
2.0,1380.1675988113411,1391.9814221369293,200.0,232264.56722390465
2.0166666666666666,1386.7626514124217,1399.4238316211006,200.0,232264.56722390465
2.033333333333333,1393.1411022742884,1394.2750064354316,200.0,232264.56722390465
2.05,1399.3104373511655,1377.9088295863196,200.0,232264.56722390465
2.0666666666666664,1405.2775089838556,1403.2518324833004,200.0,232264.56722390465
2.0833333333333335,1411.0489536221323,1399.5062340194818,200.0,232264.56722390465
2.1,1416.6311918247407,1395.2900652970095,200.0,232264.56722390465
2.1166666666666667,1422.0304357558928,1425.9072276195875,200.0,232264.56722390465
2.1333333333333333,1427.2526749598255,1418.7244331476109,200.0,232264.56722390465
2.15,1432.3036985438775,1416.8566319737056,200.0,232264.56722390465
2.1666666666666665,1437.189119048238,1421.5441028471644,200.0,232264.56722390465
2.183333333333333,1441.9143724680948,1445.9406286637286,200.0,232264.56722390465
2.2,1446.4847182536362,1451.8647974911914,200.0,232264.56722390465
2.216666666666667,1450.9052425729642,1470.7421046194668,200.0,232264.56722390465
2.2333333333333334,1455.1808533307258,1454.9721333028644,200.0,232264.56722390465
2.25,1459.31628593004,1474.9438823182325,200.0,232264.56722390465
2.2666666666666666,1463.316132190542,1484.3501045921298,200.0,232264.56722390465
2.283333333333333,1467.1848413932098,1484.4373259354552,200.0,232264.56722390465
2.3,1470.926720280365,1435.4471616862104,200.0,232264.56722390465
2.3166666666666664,1474.5459334866641,1492.9761892747154,200.0,232264.56722390465
2.3333333333333335,1478.0465080661806,1483.1408081899103,200.0,232264.56722390465
2.35,1481.4323199119917,1487.7888902047919,200.0,232264.56722390465
2.3666666666666667,1484.707122498789,1490.275533764833,200.0,232264.56722390465
2.3833333333333333,1487.8745552233338,1493.6159126273951,200.0,232264.56722390465
2.4,1490.938143404459,1495.7293567082447,200.0,232264.56722390465
2.4166666666666665,1493.9012982830673,1488.517598654988,200.0,232264.56722390465
2.433333333333333,1496.767316064336,1468.2427865886962,200.0,232264.56722390465
2.45,1499.5393757317206,1497.9056548131093,200.0,232264.56722390465
2.466666666666667,1502.2205564804574,1490.1645787526472,200.0,232264.56722390465
2.4833333333333334,1504.8138376742606,1521.016288862329,200.0,232264.56722390465
2.5,1507.3149055727904,1502.9834079828597,200.0,119267.27107636313
2.5166666666666666,1491.2174382070652,1492.4695685486704,200.0,119267.27107636313
2.533333333333333,1475.6489773617805,1462.9048880276282,200.0,119267.27107636313
2.55,1460.5909205118296,1452.9315834933577,200.0,119267.27107636313
2.5666666666666664,1446.0265300064655,1445.8535340811666,200.0,119267.27107636313
2.5833333333333335,1431.9396109975798,1409.6589832336267,200.0,119267.27107636313
2.6,1418.3144990000192,1422.8247757144381,200.0,119267.27107636313
2.6166666666666667,1405.136079403827,1403.5449956021107,200.0,119267.27107636313
2.6333333333333333,1392.389716241595,1374.6039191665163,200.0,119267.27107636313
2.65,1380.0612346836035,1344.087741702637,200.0,119267.27107636313
2.6666666666666665,1368.13692103653,1375.8327030447347,200.0,119267.27107636313
2.683333333333333,1356.6035140082292,1352.1397534240793,200.0,119267.27107636313
2.7,1345.448217593056,1337.4980913947836,200.0,119267.27107636313
2.716666666666667,1334.6586504390702,1331.116330991276,200.0,119267.27107636313
2.7333333333333334,1324.222817068832,1351.4699561820491,200.0,119267.27107636313
2.75,1314.129107879402,1313.3820933435074,200.0,119267.27107636313
2.7666666666666666,1304.366295235826,1305.6655841806542,200.0,119267.27107636313
2.783333333333333,1294.923535472199,1272.6174424270682,200.0,119267.27107636313
2.8,1285.7903574358015,1310.500443431143,200.0,119267.27107636313
2.8166666666666664,1276.9566136521976,1290.718933403862,200.0,119267.27107636313
2.8333333333333335,1268.4124777231527,1284.4165007282304,200.0,119267.27107636313
2.85,1260.1484442781875,1260.8635352463627,200.0,119267.27107636313
2.8666666666666667,1252.1553211706555,1265.9051430030245,200.0,119267.27107636313
2.8833333333333333,1244.424244060916,1249.9884465873322,200.0,119267.27107636313
2.9,1236.9466347789405,1246.1444709468255,200.0,119267.27107636313
2.9166666666666665,1229.7141806050204,1227.431286228896,200.0,119267.27107636313
2.933333333333333,1222.7188342697661,1200.6105150491367,200.0,119267.27107636313
2.95,1215.9528144029737,1231.3856296200215,200.0,119267.27107636313
2.966666666666667,1209.4086084722028,1180.3842139230571,200.0,119267.27107636313
2.9833333333333334,1203.0789471282849,1199.4798970594143,200.0,119267.27107636313
3.0,1196.957841865258,1193.890004539263,200.0,291795.4468305729
3.0166666666666666,1219.316886651973,1203.6739845372053,200.0,291795.4468305729
3.033333333333333,1240.9431451287087,1250.1399921737575,200.0,291795.4468305729
3.05,1261.8603993517572,1258.8554538306137,200.0,291795.4468305729
3.0666666666666664,1282.0918840362854,1275.538859152326,200.0,291795.4468305729
3.0833333333333335,1301.660097338505,1309.4577233031696,200.0,291795.4468305729
3.1,1320.5868021508363,1313.4381165424602,200.0,291795.4468305729
3.1166666666666667,1338.893034904737,1359.7277345273117,200.0,291795.4468305729
3.1333333333333333,1356.599106771461,1361.8709329142707,200.0,291795.4468305729
3.15,1373.7246881404112,1366.6096933378947,200.0,291795.4468305729
3.1666666666666665,1390.2888240275588,1361.1248493877756,200.0,291795.4468305729
3.183333333333333,1406.3099362562111,1386.693638302694,200.0,291795.4468305729
3.2,1421.8058302810175,1438.108292052543,200.0,291795.4468305729
3.216666666666667,1436.7936967220232,1436.034635775353,200.0,291795.4468305729
3.2333333333333334,1451.2901869004234,1447.0433109152302,200.0,291795.4468305729
3.25,1465.3114232035027,1489.9601974171433,200.0,291795.4468305729
3.2666666666666666,1478.8730004755855,1459.633261814477,200.0,291795.4468305729
3.283333333333333,1491.9899937171565,1483.205126719536,200.0,291795.4468305729
3.3,1504.6769518167682,1497.588136665391,200.0,291795.4468305729
3.3166666666666664,1516.9479663483812,1525.7430255713507,200.0,291795.4468305729
3.3333333333333335,1528.8166840975073,1518.8636561229466,200.0,291795.4468305729
3.35,1540.29630713061,1531.0950394013996,200.0,291795.4468305729
3.3666666666666667,1551.399602117105,1527.3223611638282,200.0,291795.4468305729
3.3833333333333333,1562.1388858544162,1573.0791269146841,200.0,291795.4468305729
3.4,1572.526078849595,1584.6181692273203,200.0,291795.4468305729
3.4166666666666665,1582.57272984113,1575.4270786301126,200.0,291795.4468305729
3.433333333333333,1592.2900157989473,1594.7401149820666,200.0,291795.4468305729
3.4499999999999997,1601.6887400082605,1582.2990481668703,200.0,291795.4468305729
3.466666666666667,1610.7793381112467,1603.7021407901332,200.0,291795.4468305729
3.4833333333333334,1619.5719109906388,1640.2411752814767,200.0,291795.4468305729
3.5,1628.0762955863374,1630.1122565973444,200.0,270073.91397021536
3.5166666666666666,1632.7429318956997,1667.398384197638,200.0,270073.91397021536
3.533333333333333,1637.254884063991,1625.4469929316338,200.0,270073.91397021536
3.55,1641.6189176775154,1650.3231839283799,200.0,270073.91397021536
3.5666666666666664,1645.8398696101215,1642.907282192625,200.0,270073.91397021536
3.5833333333333335,1649.9224300991643,1658.4096978015857,200.0,270073.91397021536
3.6,1653.8711427455032,1653.7629723506218,200.0,270073.91397021536
3.6166666666666667,1657.6904045135038,1649.2724328573665,200.0,270073.91397021536
3.6333333333333333,1661.3844666914683,1648.3702152266428,200.0,270073.91397021536
3.65,1664.9574358111438,1710.9479868968772,200.0,270073.91397021536
3.6666666666666665,1668.4132665395846,1667.2530906437214,200.0,270073.91397021536
3.683333333333333,1671.755791903089,1641.5058815495902,200.0,270073.91397021536
3.6999999999999997,1674.988727773194,1665.2597186546438,200.0,270073.91397021536
3.716666666666667,1678.1156728666756,1688.2862687735355,200.0,270073.91397021536
3.7333333333333334,1681.140108745549,1673.6399822477779,200.0,270073.91397021536
3.75,1684.0654024124196,1704.4720954496986,200.0,270073.91397021536
3.7666666666666666,1686.8948023273329,1701.9307764199923,200.0,270073.91397021536
3.783333333333333,1689.6314388864628,1687.3463593490992,200.0,270073.91397021536
3.8,1692.2783484907288,1685.1951093490882,200.0,270073.91397021536
3.8166666666666664,1694.8384746338345,1679.766459528419,200.0,270073.91397021536
3.8333333333333335,1697.3146679022673,1686.8151697675673,200.0,270073.91397021536
3.85,1699.7096859752994,1677.612539855315,200.0,270073.91397021536
3.8666666666666667,1702.0261957516054,1720.0921401246017,200.0,270073.91397021536
3.8833333333333333,1704.266770186029,1728.1272819929197,200.0,270073.91397021536
3.9,1706.4338865412753,1687.5918154953592,200.0,270073.91397021536
3.9166666666666665,1708.5299480079148,1690.8047033726177,200.0,270073.91397021536
3.933333333333333,1710.5572848813194,1684.0296070250156,200.0,270073.91397021536
3.9499999999999997,1712.518154561664,1698.0603411006814,200.0,270073.91397021536
3.966666666666667,1714.4147415539258,1667.8196895346764,200.0,270073.91397021536
3.9833333333333334,1716.2491571342628,1699.114972784784,200.0,270073.91397021536
4.0,1718.0189647564637,1737.4726957534715,200.0,237947.37918065328
4.016666666666667,1714.4688295622666,1709.2837416202997,200.0,237947.37918065328
4.033333333333333,1711.0353069091884,1723.8540704319896,200.0,237947.37918065328
4.05,1707.7143355344692,1700.3797995768386,200.0,237947.37918065328
4.066666666666666,1704.5022391598654,1730.9122486147623,200.0,237947.37918065328
4.083333333333333,1701.3954582540248,1704.3837279992326,200.0,237947.37918065328
4.1,1698.3905406901736,1692.6605063080215,200.0,237947.37918065328
4.116666666666666,1695.4841417461182,1733.7705021266845,200.0,237947.37918065328
4.133333333333333,1692.6730241042437,1687.8059462599622,200.0,237947.37918065328
4.15,1689.9540576979166,1671.6357074520245,200.0,237947.37918065328
4.166666666666667,1687.3242165007246,1690.3528665301262,200.0,237947.37918065328
4.183333333333334,1684.7805901037395,1684.1980645253684,200.0,237947.37918065328
4.2,1682.3203611178412,1698.3152294153351,200.0,237947.37918065328
4.216666666666667,1679.9407968053167,1666.1162879378496,200.0,237947.37918065328
4.233333333333333,1677.639249079859,1689.7100030520514,200.0,237947.37918065328
4.25,1675.413154506568,1688.2043815651823,200.0,237947.37918065328
4.266666666666667,1673.26003429871,1663.244724919684,200.0,237947.37918065328
4.283333333333333,1671.1774902537325,1673.6261503395726,200.0,237947.37918065328
4.3,1669.1632161836976,1656.7019368308825,200.0,237947.37918065328
4.316666666666666,1667.2149835257335,1702.4021046333435,200.0,237947.37918065328
4.333333333333333,1665.33062985728,1654.7685364230774,200.0,237947.37918065328
4.35,1663.5080588960893,1656.7119422410585,200.0,237947.37918065328
4.366666666666666,1661.7452405002252,1645.7576701707746,200.0,237947.37918065328
4.383333333333333,1660.0402106680638,1654.848391540466,200.0,237947.37918065328
4.4,1658.3910726295053,1658.3029322290517,200.0,237947.37918065328
4.416666666666667,1656.7959989947324,1668.3128360249027,200.0,237947.37918065328
4.433333333333334,1655.253218083712,1646.0959183927266,200.0,237947.37918065328
4.45,1653.7610155489745,1650.9744061689007,200.0,237947.37918065328
4.466666666666667,1652.3177332391294,1631.0703927429188,200.0,237947.37918065328
4.483333333333333,1650.921767339771,1638.5107339382785,200.0,237947.37918065328
4.5,1649.5695299950657,1690.906643369205,200.0,74498.8381985509
4.516666666666667,1621.4730488363289,1637.0916967117507,200.0,74498.8381985509
4.533333333333333,1594.2958885429553,1582.5745279177954,200.0,74498.8381985509
4.55,1568.0097047850954,1547.9487461621711,200.0,74498.8381985509
4.566666666666666,1542.5852738666695,1527.9515314076746,200.0,74498.8381985509
4.583333333333333,1517.9943454765325,1517.6689825838266,200.0,74498.8381985509
4.6,1494.2096238054944,1494.7305406308822,200.0,74498.8381985509
4.616666666666666,1471.204671516295,1460.0392625023323,200.0,74498.8381985509
4.633333333333333,1448.953904538894,1429.6552875378293,200.0,74498.8381985509
4.65,1427.4325822033247,1448.7682597820515,200.0,74498.8381985509
4.666666666666667,1406.6168133969893,1413.3920951664156,200.0,74498.8381985509
4.683333333333334,1386.4834857801916,1380.8649654866726,200.0,74498.8381985509
4.7,1367.010215082144,1363.7002969649027,200.0,74498.8381985509
4.716666666666667,1348.1753446460289,1340.2323877591439,200.0,74498.8381985509
4.733333333333333,1329.9579335876665,1285.9172518974099,200.0,74498.8381985509
4.75,1312.3377671126213,1314.0726945190108,200.0,74498.8381985509
4.766666666666667,1295.2952760777296,1279.2371099322932,200.0,74498.8381985509
4.783333333333333,1278.8115097679845,1263.7712452824921,200.0,74498.8381985509
4.8,1262.868135304462,1253.2641992236063,200.0,74498.8381985509
4.816666666666666,1247.447427258198,1258.4319529788675,200.0,74498.8381985509
4.833333333333333,1232.5322775661405,1214.9743154400253,200.0,74498.8381985509
4.85,1218.106121223234,1196.591899328122,200.0,74498.8381985509
4.866666666666666,1204.1529160694504,1213.750697197036,200.0,74498.8381985509
4.883333333333333,1190.6571425945017,1201.972676164095,200.0,74498.8381985509
4.9,1177.6037939828843,1163.219788365971,200.0,74498.8381985509
4.916666666666667,1164.9783892020282,1173.4143543614225,200.0,74498.8381985509
4.933333333333334,1152.766910280335,1148.3924238241136,200.0,74498.8381985509
4.95,1140.955778967058,1145.4751616153615,200.0,74498.8381985509
4.966666666666667,1129.531856732301,1110.6174525313181,200.0,74498.8381985509
4.983333333333333,1118.4824478606588,1130.9758646010714,200.0,74498.8381985509
5.0,1107.7960181663059,1125.8449024780534,200.0,150681.88104356956
5.016666666666667,1109.9466901001376,1119.5027886345304,200.0,150681.88104356956
5.033333333333333,1112.0272460474298,1120.402345472857,200.0,150681.88104356956
5.05,1114.0396041641163,1057.4554768222754,200.0,150681.88104356956
5.066666666666666,1115.9859913664109,1119.8954376024149,200.0,150681.88104356956
5.083333333333333,1117.868561278696,1117.4868815283078,200.0,150681.88104356956
5.1,1119.689403747093,1117.4837211443978,200.0,150681.88104356956
5.116666666666666,1121.4505448394607,1111.9918749898955,200.0,150681.88104356956
5.133333333333333,1123.1539468453973,1123.9844214691007,200.0,150681.88104356956
5.15,1124.8015082762386,1130.9832693531637,200.0,150681.88104356956
5.166666666666667,1126.3950644898498,1122.4382420817403,200.0,150681.88104356956
5.183333333333334,1127.9363876077132,1120.986525512065,200.0,150681.88104356956
5.2,1129.4271800842387,1147.8734872483278,200.0,150681.88104356956
5.216666666666667,1130.869092547077,1114.2885859380401,200.0,150681.88104356956
5.233333333333333,1132.263726455326,1147.716054422684,200.0,150681.88104356956
5.25,1133.6126340995318,1136.2648210554896,200.0,150681.88104356956
5.266666666666667,1134.9173186016887,1122.8527339224524,200.0,150681.88104356956
5.283333333333333,1136.179233915238,1131.8295054741982,200.0,150681.88104356956
5.3,1137.399786221637,1123.599882179454,200.0,150681.88104356956
5.316666666666666,1138.5803319272686,1148.7062997034102,200.0,150681.88104356956
5.333333333333333,1139.7221737251518,1144.9407001547088,200.0,150681.88104356956
5.35,1140.8265757798008,1132.474633152503,200.0,150681.88104356956
5.366666666666666,1141.8947647605637,1125.3614902747504,200.0,150681.88104356956
5.383333333333333,1142.927929841623,1147.453671244139,200.0,150681.88104356956
5.4,1143.9272227019944,1158.2880068046234,200.0,150681.88104356956
5.416666666666667,1144.8937575255288,1143.1862122848006,200.0,150681.88104356956
5.433333333333334,1145.8286105159325,1152.1038980292708,200.0,150681.88104356956
5.45,1146.7328165151775,1141.0924092569314,200.0,150681.88104356956
5.466666666666667,1147.6073791230615,1148.6209172132028,200.0,150681.88104356956
5.483333333333333,1148.4532701483363,1144.084026477431,200.0,150681.88104356956
5.5,1149.2684094646236,1153.6790416092483,200.0,32265.054420424058
5.516666666666667,1130.6489449021728,1108.002357206637,200.0,32265.054420424058
5.533333333333333,1112.6399723082084,1122.3028301560537,200.0,32265.054420424058
5.55,1095.2213868319454,1091.7723996078957,200.0,32265.054420424058
5.566666666666666,1078.373857686712,1083.7529787014528,200.0,32265.054420424058
5.583333333333333,1062.0786752914348,1056.9740233794416,200.0,32265.054420424058
5.6,1046.3177196678162,1051.1231375084278,200.0,32265.054420424058
5.616666666666666,1031.0734603863452,1014.9850183244114,200.0,32265.054420424058
5.633333333333333,1016.3289470403614,1034.1662632276884,200.0,32265.054420424058
5.65,1002.0678198274422,976.5146510128827,200.0,32265.054420424058
5.666666666666667,988.2742442996488,972.685662077961,200.0,32265.054420424058
5.683333333333334,974.9328834537706,978.4678744968651,200.0,32265.054420424058
5.7,962.0288977313296,983.9715320090983,200.0,32265.054420424058
5.716666666666667,949.547936625211,953.7198311523315,200.0,32265.054420424058
5.733333333333333,937.4761496452471,933.7575228160608,200.0,32265.054420424058
5.75,925.800138115756,904.423785967107,200.0,32265.054420424058
5.766666666666667,914.5069213724026,911.6377714059506,200.0,32265.054420424058
5.783333333333333,903.5839367302908,903.2857815646594,200.0,32265.054420424058
5.8,893.0190348854213,918.3775645655123,200.0,32265.054420424058
5.816666666666666,882.8004833892592,892.1323617133459,200.0,32265.054420424058
5.833333333333333,872.9169481509527,849.9805550270261,200.0,32265.054420424058
5.85,863.3574460714685,893.7591325001164,200.0,32265.054420424058
5.866666666666666,854.11134324881,848.1861951163281,200.0,32265.054420424058
5.883333333333333,845.1683542695923,831.9764585490276,200.0,32265.054420424058
5.9,836.518535295414,858.6408750767176,200.0,32265.054420424058
5.916666666666667,828.1522958351534,827.4059594306989,200.0,32265.054420424058
5.933333333333334,820.0603477706169,814.5493087799454,200.0,32265.054420424058
5.95,812.2336929427972,815.5154827768257,200.0,32265.054420424058
5.966666666666667,804.663623151872,817.3369548575077,200.0,32265.054420424058
5.983333333333333,797.3417218413774,812.2417649081221,200.0,32265.054420424058
6.0,790.2618163186713,769.6337803178802,200.0,63201.05777891338
6.016666666666667,788.4827701939469,818.4599922480228,200.0,63201.05777891338
6.033333333333333,786.762349753997,800.9652735739314,200.0,63201.05777891338
6.05,785.098332529105,779.4103165989078,200.0,63201.05777891338
6.066666666666666,783.4888717800849,771.2089740072637,200.0,63201.05777891338
6.083333333333333,781.932177911823,767.39699145045,200.0,63201.05777891338
6.1,780.4265184732799,782.2771950369226,200.0,63201.05777891338
6.116666666666666,778.9702178106551,769.2499733978107,200.0,63201.05777891338
6.133333333333333,777.5616512504956,766.0885417711978,200.0,63201.05777891338
6.15,776.1992609122925,788.368076986417,200.0,63201.05777891338
6.166666666666667,774.8815400920699,780.3500502494647,200.0,63201.05777891338
6.183333333333334,773.6070264682727,767.688457591917,200.0,63201.05777891338
6.2,772.3743021017657,783.3880160445462,200.0,63201.05777891338
6.216666666666667,771.1819934358347,791.6926728304197,200.0,63201.05777891338
6.233333333333333,770.0287712961857,753.611326606741,200.0,63201.05777891338
6.25,768.9133507391475,759.8639724770138,200.0,63201.05777891338
6.266666666666667,767.8344887807838,781.9738163840819,200.0,63201.05777891338
6.283333333333333,766.790993741615,777.5751022288408,200.0,63201.05777891338
6.3,765.7817124664044,769.1821953129743,200.0,63201.05777891338
6.316666666666666,764.8055255007944,782.2418433141712,200.0,63201.05777891338
6.333333333333333,763.8613470913064,747.5381711545199,200.0,63201.05777891338
6.35,762.9481251853412,740.7610576787746,200.0,63201.05777891338
6.366666666666666,762.0648414311783,749.0672310720248,200.0,63201.05777891338
6.383333333333333,761.2105111779765,763.0486726110171,200.0,63201.05777891338
6.4,760.3841857468396,748.442884120413,200.0,63201.05777891338
6.416666666666667,759.5849504469179,752.2766781005475,200.0,63201.05777891338
6.433333333333334,758.8119171892541,744.1869154027496,200.0,63201.05777891338
6.45,758.0642269780789,748.7577898091553,200.0,63201.05777891338
6.466666666666667,757.3410489696452,742.2692406847502,200.0,63201.05777891338
6.483333333333333,756.6415795583946,762.1535726445788,200.0,63201.05777891338
6.5,755.9650990783059,767.8884650980542,200.0,211253.70690788727
6.516666666666667,779.5735011834388,772.3668120906656,200.0,211253.70690788727
6.533333333333333,802.4138816589852,799.3048947269251,200.0,211253.70690788727
6.55,824.5054628727037,815.789974285025,200.0,211253.70690788727
6.566666666666666,845.8728060823471,853.8415743168899,200.0,211253.70690788727
6.583333333333333,866.5396524706903,867.8754930517786,200.0,211253.70690788727
6.6,886.5289408151275,910.4412943202008,200.0,211253.70690788727
6.616666666666666,905.8628898387504,889.4308092891874,200.0,211253.70690788727
6.633333333333333,924.5630020071696,930.0005394950354,200.0,211253.70690788727
6.6499999999999995,942.6500714219264,949.3099424166264,200.0,211253.70690788727
6.666666666666667,960.1441783872689,954.7375758224055,200.0,211253.70690788727
6.683333333333334,977.0647430920591,985.8177550028003,200.0,211253.70690788727
6.7,993.4305764042851,971.8527366694286,200.0,211253.70690788727
6.716666666666667,1009.2598803729277,1041.0419258338675,200.0,211253.70690788727
6.733333333333333,1024.5702573364558,1004.4395905371592,200.0,211253.70690788727
6.75,1039.3787002071306,1053.1758091156055,200.0,211253.70690788727
6.766666666666667,1053.7016481154712,1036.884807931383,200.0,211253.70690788727
6.783333333333333,1067.5550250926417,1084.818270561118,200.0,211253.70690788727
6.8,1080.9542401252043,1075.1826297260693,200.0,211253.70690788727
6.816666666666666,1093.9141946945188,1096.290538301952,200.0,211253.70690788727
6.833333333333333,1106.4492740192745,1107.2494303548756,200.0,211253.70690788727
6.85,1118.5733893578656,1135.0844007832375,200.0,211253.70690788727
6.866666666666666,1130.3000184798325,1125.4768067276887,200.0,211253.70690788727
6.883333333333333,1141.642205927442,1097.1344502776828,200.0,211253.70690788727
6.8999999999999995,1152.6125672558421,1141.2116854048757,200.0,211253.70690788727
6.916666666666667,1163.2232869911866,1165.9789718375207,200.0,211253.70690788727
6.933333333333334,1173.486133771683,1166.8791106986291,200.0,211253.70690788727
6.95,1183.4125115178788,1194.9598242876907,200.0,211253.70690788727
6.966666666666667,1193.013461940266,1208.243366879883,200.0,211253.70690788727
6.983333333333333,1202.2996642819946,1200.0830871334974,200.0,211253.70690788727
7.0,1211.2940157573482,1188.9493348416106,200.0,228533.40365418876
7.016666666666667,1222.8155155431236,1243.5779921932121,200.0,228533.40365418876
7.033333333333333,1233.9571730937962,1250.2029755953984,200.0,228533.40365418876
7.05,1244.733562979735,1240.2456959657297,200.0,228533.40365418876
7.066666666666666,1255.1566721210695,1286.7809982919607,200.0,228533.40365418876
7.083333333333333,1265.238075613358,1260.004943711968,200.0,228533.40365418876
7.1,1274.9889567967887,1257.932160990513,200.0,228533.40365418876
7.116666666666666,1284.420153363968,1282.082051857703,200.0,228533.40365418876
7.133333333333333,1293.542157763444,1309.7096634960305,200.0,228533.40365418876
7.1499999999999995,1302.3651179844755,1288.3033163463379,200.0,228533.40365418876
7.166666666666667,1310.8988436200643,1340.167219786216,200.0,228533.40365418876
7.183333333333334,1319.1527954835847,1305.7049022650037,200.0,228533.40365418876
7.2,1327.1361369743802,1341.4524711200988,200.0,228533.40365418876
7.216666666666667,1334.857745568262,1343.0246811813097,200.0,228533.40365418876
7.233333333333333,1342.3262128175124,1340.01535692377,200.0,228533.40365418876
7.25,1349.54984745465,1365.7578421354165,200.0,228533.40365418876
7.266666666666667,1356.536673983148,1334.039692150125,200.0,228533.40365418876
7.283333333333333,1363.294436400636,1383.6580132046338,200.0,228533.40365418876
7.3,1369.83064054171,1368.8753801071564,200.0,228533.40365418876
7.316666666666666,1376.1525568589357,1368.016028110983,200.0,228533.40365418876
7.333333333333333,1382.2672204228488,1393.50483114345,200.0,228533.40365418876
7.35,1388.1814346179663,1404.079919821955,200.0,228533.40365418876
7.366666666666666,1393.901766498526,1405.4486979578803,200.0,228533.40365418876
7.383333333333333,1399.434555024283,1429.4271123399578,200.0,228533.40365418876
7.3999999999999995,1404.7859455333073,1420.9968366740588,200.0,228533.40365418876
7.416666666666667,1409.9618910505403,1429.2144905368464,200.0,228533.40365418876
7.433333333333334,1414.9681522877947,1406.870193230147,200.0,228533.40365418876
7.45,1419.8102961907357,1421.408152846666,200.0,228533.40365418876
7.466666666666667,1424.4936966074101,1432.938435342293,200.0,228533.40365418876
7.483333333333333,1429.0235568974822,1428.7574233469327,200.0,228533.40365418876
7.5,1433.4070476248962,1437.9315761224948,200.0,290902.72508157877
7.516666666666667,1447.866592600506,1454.2581640925246,200.0,290902.72508157877
7.533333333333333,1461.853763482048,1474.517422247271,200.0,290902.72508157877
7.55,1475.3823761071756,1473.8582427456251,200.0,290902.72508157877
7.566666666666666,1488.4674492852287,1483.2204610543504,200.0,290902.72508157877
7.583333333333333,1501.1235322875643,1488.698797534316,200.0,290902.72508157877
7.6,1513.3647048475573,1499.9887199554232,200.0,290902.72508157877
7.616666666666666,1525.204582009738,1542.7913504199328,200.0,290902.72508157877
7.633333333333333,1536.656309514402,1535.388487194365,200.0,290902.72508157877
7.6499999999999995,1547.732591035948,1559.536756752306,200.0,290902.72508157877
7.666666666666667,1558.44573630539,1538.9852786102488,200.0,290902.72508157877
7.683333333333334,1568.8076625140864,1539.7351408964987,200.0,290902.72508157877
7.7,1578.8298958638452,1563.0935273988457,200.0,290902.72508157877
7.716666666666667,1588.5235770941106,1605.7229816067531,200.0,290902.72508157877
7.733333333333333,1597.8994540956585,1613.9206156931455,200.0,290902.72508157877
7.75,1606.9679388761922,1611.9485179939734,200.0,290902.72508157877
7.766666666666667,1615.7391167818557,1603.7065645294563,200.0,290902.72508157877
7.783333333333333,1624.2227464972327,1622.260706873745,200.0,290902.72508157877
7.8,1632.4282653674368,1627.9618581704528,200.0,290902.72508157877
7.816666666666666,1640.3647818884194,1635.1901816969896,200.0,290902.72508157877
7.833333333333333,1648.0410967424862,1610.4500491827516,200.0,290902.72508157877
7.85,1655.465739937708,1642.5968441482748,200.0,290902.72508157877
7.866666666666666,1662.6469714959162,1659.7953383606828,200.0,290902.72508157877
7.883333333333333,1669.5927814572613,1692.3391983044426,200.0,290902.72508157877
7.8999999999999995,1676.3108969837863,1678.7220428707624,200.0,290902.72508157877
7.916666666666667,1682.8087680368321,1703.8220923307742,200.0,290902.72508157877
7.933333333333334,1689.0936016139271,1683.1879979825355,200.0,290902.72508157877
7.95,1695.1723831751488,1691.3820544564317,200.0,290902.72508157877
7.966666666666667,1701.051876643123,1642.560550692308,200.0,290902.72508157877
7.983333333333333,1706.7386243991855,1713.6885794872908,200.0,290902.72508157877
8.0,1712.2389431737643,1720.4453780938543,200.0,290902.72508157877
